Start Date,End Date,Program Title,Faculty Director,Term,Number of Participants,Country,Countries Visited,Photos
1965/06,1965/08,Japan Study Summer Seminar,Tetsue Najita,Summer,17,Japan,Japan
1966/06,1966/08,Japan Study Summer Seminar,Steven Piker,Summer,15,Japan,Japan
1967/06,1967/08,Japan Study Summer Seminar,John Perry,Summer,15,Japan,Japan
1968/06,1968/08,Japan Study Summer Seminar,John Perry,Summer,15,Japan,Japan
1969/08,1969/11,African Seminar (ivory Coast Only),Elhanan Hagolani,Summer/Fall,14,Ivory Coast,Ivory Coast
1969/08,1969/11,Japan Study Summer Seminar,Bardwell Smith,Summer/Fall,17,Japan,Japan
1970/1,1970/03,Sociology Seminar In Puerto Rico,Byron Fox,Winter,20,USA,USA
1971/03,1971/06,"History Seminar In Caen, France",Carl Weiner,Spring,16,France,France
1970/08,1970/11,Japan Study Summer Seminar,Barry Jackman,Summer/Fall,14,Japan,Japan
1971/08,1971/11,English Seminar In London,Frank Morral,Fall,20,UK,UK
1971/08,1971/11,Japan Study Summer Seminar,Robert Wood,Summer/Fall,13,Japan,Japan
1972/1,1972/03,Marine Biology Seminar In Bermuda,Gary Wagenbach,Winter,20,Bermuda,Bermuda
1972/08,1972/11,Interdisciplinary Seminar In London,Bob Bonner & Vern Bailey,Fall,31,UK,UK
1973/03,1973/06,Language Training Program In Pau,Michel Monnot,Spring,25,France,France
1973/08,1973/11,English Seminar In London,John Woodruff,Fall,20,UK,UK
1974/03,1974/06,French Language In Pau I,Byron Leonard,Spring,20,France,France
1973/08,1973/11,German Seminar In Trier,Richard Cantwell,Fall,20,Germany,Germany
1974/1,1974/03,Marine Biology Seminar In Bermuda,Gary Wagenbach,Winter,22,Bermuda,Bermuda
1974/08,1974/11,Art History In Greece,Dale Haworth,Fall,22,Greece,Greece
1974/08,1974/11,English Seminar In London,George Soule,Fall,21,UK,UK
1975/03,1975/06,French Language In Pau I,Byron Leonard,Spring,23,France,France
1975/03,1975/06,French Language In Pau II,Michel Monnot,Winter/Spring,12,France,France
1975/06,1975/08,English Seminar In London,James McDonnell,Summer,21,UK,UK
1976/03,1976/06,French Language In Pau I,Hervé Pensec,Spring,24,France,France
1976/03,1976/06,French Language In Pau II,Michel Monnot,Winter/Spring,5,France,France
1975/06,1975/08,International Relations Seminar In Geneva,Hartley Clark,Summer,20,Switzerland,Switzerland
1975/08,1975/11,Marine Biology Seminar In California,Gary Wagenbach,Fall,20,USA,USA
1977/1,1977/03,English Seminar In London,Ed Sostek,Winter,21,UK,UK
1977/03,1977/06,French Language In Pau I,Michel Monnot,Spring,22,France,France
1977/03,1977/06,French Language In Pau II,Michel Monnot,Winter/Spring,3,France,France
1976/08,1976/11,German Seminar In Trier,Ulf Zimmerman,Fall,21,Germany,Germany
1977/08,1977/11,English Seminar In London,John Wright,Fall,18,UK,UK
1978/03,1978/06,French Language In Pau I,Carl Weiner,Spring,25,France,France
1978/03,1978/06,French Language In Pau II,Michel Monnot,Winter/Spring,10,France,France
1977/06,1977/08,International Relations Seminar In Geneva,Hartley Clark,Summer,22,Switzerland,Switzerland
1978/1,1978/03,Marine Biology Seminar In California,Gary Wagenbach,Winter,21,USA,USA
1978/08,1978/11,English Seminar In London,Wayne Carver,Fall,23,UK,UK
1979/03,1979/06,French Language In Pau I,Bob Fields,Spring,27,France,France
1979/03,1979/06,French Language In Pau II,Michel Monnot,Winter/Spring,12,France,France
1978/08,1978/11,German Seminar In Nuremberg,Roger Paas,Fall,20,Germany,Germany
1979/08,1979/11,English Seminar In London,George Soule,Fall,25,UK,UK
1980/03,1980/06,French Language In Pau I,Cathy Yandell,Spring,25,France,France
1980/03,1980/06,French Language In Pau II,Lisa Neal & Milan Kovacovic,Winter/Spring,18,France,France
1979/08,1979/11,International Relations Seminar In Geneva,Hartley Clark,Fall,25,Switzerland,Switzerland
1979/08,1979/11,Marine Biology Seminar In California,Gary Wagenbach,Fall,22,USA,USA
1980/08,1980/11,Economics Seminar In Nuremberg,Martha Paas,Fall,20,Germany,Germany
1981/1,1981/03,English Seminar In London,Keith Harrison,Winter,25,UK,UK
1981/03,1981/06,French Language In Pau I,Milan Kovacovic,Spring,27,France,France
1981/03,1981/06,French Language In Pau II,Lisa Neal & Milan Kovacovic,Winter/Spring,18,France,France
1980/08,1980/11,"German Seminar In Graz, Austria",Anne Ulmer,Fall,21,Austria,Austria
1980/08,1980/11,Spanish Seminar In Morelia,Ana Taylor,Fall,17,Mexico,Mexico
1982/1,1982/03,English Seminar In London,Bob Tisdale,Winter,25,UK,UK
1982/03,1982/06,French Language In Pau I,Michel Monnot,Spring,24,France,France
1982/03,1982/06,French Language In Pau II,Michel Monnot,Winter/Spring,23,France,France
1981/08,1981/11,German Seminar In Munich,Julie Klassen,Fall,21,Germany,Germany
1981/08,1981/11,International Relations Seminar In Geneva,Hartley Clark,Fall,28,Switzerland,Switzerland
1981/08,1981/11,Marine Biology Seminar In California,Gary Wagenbach,Fall,22,USA,USA
1982/1,1982/03,Spanish Seminar In Morelia,Pat Dust,Winter,15,Mexico,Mexico
1982/08,1982/11,Art History In Greece,Dale Haworth,Fall,22,Greece,Greece
1982/08,1982/11,English Seminar In London,James McDonnell,Fall,25,UK,UK
1983/03,1983/06,French Language In Pau I,Debbie Glassman,Spring,24,France,France
1983/03,1983/06,French Language In Pau II,Gail Schwab,Winter/Spring,6,France,France
1982/08,1982/11,"German Seminar In Graz, Austria",Anne Ulmer,Fall,22,Austria,Austria
1983/1,1983/03,"Political Science Seminar In Washington, D.C.",Steven Schier,Winter,23,USA,USA
1983/03,1983/06,Reformation Seminar In Marburg,Richard Crouter,Spring,19,Germany,Germany
1983/1,1983/03,Spanish Seminar In Morelia,Leah Hewitt,Winter,20,Mexico,Mexico
1983/06,1983/08,Economics Seminar In Cambridge,Martha Paas,Summer,21,UK,UK
1984/1,1984/03,English Seminar In London,George Soule,Winter,26,UK,UK
1984/03,1984/06,French Language In Pau I,Debbie Glassman,Spring,24,France,France
1984/03,1984/06,French Language In Pau II,Gail Schwab,Winter/Spring,9,France,France
1984/1,1984/03,Geology In Death Valley,Mary Savina & M. Hempton,Winter,24,USA,USA
1983/08,1983/11,German Seminar In Nuremberg,Roger Paas,Fall,20,Germany,Germany
1983/06,1983/08,International Relations Seminar In Geneva,Hartley Clark,Summer,25,Switzerland,Switzerland
1983/08,1983/11,Marine Biology Seminar In California,Gary Wagenbach,Fall,22,USA,USA
1984/1,1984/03,Spanish Seminar In Morelia,Becky Boling,Winter,9,Mexico,Mexico
1984/08,1984/11,Art History In Greece,Dale Haworth,Fall,22,Greece,Greece
1984/06,1984/08,Economics Seminar In Cambridge,Martha Paas,Summer,21,UK,UK
1984/08,1984/11,English Seminar In London,Wayne Carver,Fall,25,UK,UK
1985/03,1985/06,French Language In Pau I,Dana Strand,Spring,25,France,France
1985/03,1985/06,French Language In Pau II,Virginia Marino,Winter/Spring,11,France,France
1985/1,1985/03,"Political Science Seminar In Washington, D.C.",Steven Schier,Winter,25,USA,USA
1985/1,1985/03,Spanish Seminar In Morelia,Becky Boling,Winter,17,Mexico,Mexico
1985/08,1985/11,English Seminar In London,John Schott,Fall,24,UK,UK
1986/03,1986/06,French Language In Pau I,Geneviève Soulas-Link,Spring,25,France,France
1986/03,1986/06,French Language In Pau II,Joe Krause,Winter/Spring,12,France,France
1986/1,1986/03,Geology In Death Valley,Mary Savina,Winter,24,USA,USA
1985/08,1985/11,German Seminar In Trier,Richard Cantwell,Fall,20,Germany,Germany
1986/03,1986/06,Interdisciplinary Seminar In Vienna,Anne Ulmer,Spring,21,Austria,Austria
1985/06,1985/08,International Relations Seminar In Geneva,Hartley Clark,Summer,26,Switzerland,Switzerland
1986/03,1986/06,Marine Biology Seminar In California,Gary Wagenbach,Spring,25,USA,USA
1986/1,1986/03,Spanish Seminar In Morelia,Becky Boling,Winter,13,Mexico,Mexico
1986/06,1986/08,Economics Seminar In Cambridge,George Lamson,Summer,21,UK,UK
1986/08,1986/11,English Seminar In London,Frank Morral,Fall,25,UK,UK
1987/03,1987/06,French Language In Pau I,Chérif Keïta,Spring,22,France,France
1987/03,1987/06,French Language In Pau II,Joe Krause,Winter/Spring,4,France,France
1986/08,1986/11,German Seminar In West Berlin,Sigrun Leonhard,Fall,20,Germany,Germany
1987/1,1987/03,"Political Science Seminar In Washington, D.C.",Steven Schier,Winter,20,USA,USA
1987/1,1987/03,Spanish Seminar In Morelia,Becky Boling,Winter,14,Mexico,Mexico
1987/08,1987/11,Art History In Greece,Dale Haworth,Fall,22,Greece,Greece
1987/06,1987/08,Economics Seminar In Cambridge,Stephen Strand,Summer,21,UK,UK
1987/08,1987/11,English Seminar In London,Ruth Weiner,Fall,25,UK,UK
1988/03,1988/06,French Language In Pau I,Françoise Defrecheux,Spring,22,France,France
1988/03,1988/06,French Language In Pau II,Joe Krause,Winter/Spring,18,France,France
1988/03,1988/06,German Seminar In Munich,Julie Klassen,Spring,20,Germany,Germany
1988/03,1988/06,Interdisciplinary In Australia,Keith Harrison & Gary Wagenbach,Spring,41,Australia,Australia
1987/06,1987/08,International Relations Seminar In Geneva,Hartley Clark,Summer,26,Switzerland,Switzerland
1988/1,1988/03,Spanish Seminar In Morelia,Diane Pearsall,Winter,14,Mexico,Mexico
1989/1,1989/03,Archeology & Anthropology In Nepal,James F. Fisher & Nancy Wilkie,Winter,16,Nepal,Nepal
1988/06,1988/08,Economics Seminar In Cambridge,Martha Paas,Summer,22,UK,UK
1989/03,1989/06,English Seminar In Dublin,James McDonnell,Spring,25,Ireland,Ireland
1988/08,1988/11,English Seminar In London,Ed Sostek,Fall,25,UK,UK
1989/03,1989/06,French Language In Pau I,Françoise Defrecheux,Spring,21,France,France
1989/03,1989/06,French Language In Pau II,Patrick Lobert,Winter/Spring,9,France,France
1988/08,1988/11,German Seminar In Nuremberg,Roger Paas,Fall,16,Germany,Germany
1989/03,1989/06,Interdisciplinary Seminar In Paris,Geneviève Soulas-Link & Carl Weiner,Spring,22,France,France
1989/1,1989/03,"Political Science Seminar In Washington, D.C.",Steven Schier,Winter,20,USA,USA
1989/1,1989/03,Spanish Seminar In Morelia,Becky Boling,Winter,14,Mexico,Mexico
1989/08,1989/11,Art History In Greece,Dale Haworth,Fall,16,Greece,Greece
1989/06,1989/08,Economics Seminar In Cambridge,H. Scott Bierman,Summer,21,UK,UK
1990/1,1990/03,English & Psychology Seminar In London,Constance Walker & Neil Lutsky,Winter,36,UK,UK
1990/03,1990/06,French Language In Pau I,Chérif Keïta,Spring,13,France,France
1990/03,1990/06,French Language In Pau II,Patrick Lobert,Winter/Spring,18,France,France
1990/1,1990/03,Geology In Bermuda,Audrey Massa,Winter,21,Bermuda,Bermuda
1989/08,1989/11,"German Seminar In Graz, Austria",Anne Ulmer,Fall,18,Austria,Austria
1989/06,1989/08,International Relations Seminar In Geneva,Hartley Clark,Summer,25,Switzerland,Switzerland
1989/08,1989/11,Marine Biology Seminar In Australia,Gary Wagenbach,Fall,25,Australia,Australia
1990/03,1990/06,Political Economy Seminar In Beijing,Roy Grow & Penelope Prime,Spring,40,China,China
1990/1,1990/03,Spanish Seminar In Morelia,Becky Boling,Winter,9,Mexico,Mexico
1991/1,1991/03,Archeology & Anthropology In Nepal,James F. Fisher & Nancy Wilkie,Winter,13,Nepal,Nepal
1990/08,1990/11,Art History In Amsterdam,Alison Kettering,Fall,21,The Netherlands,The Netherlands
1990/06,1990/08,Economics Seminar In Cambridge,Robert Will,Summer,22,UK,UK
1991/1,1991/03,English Seminar In London,Keith Harrison,Winter,25,UK,UK
1991/03,1991/06,French Language In Pau I,Scott Carpenter,Spring,23,France,France
1991/03,1991/06,French Seminar In Paris,Geneviève Soulas-Link & Carl Weiner,Spring,22,France,France
1990/08,1990/11,German Seminar In Berlin,Sigrun Leonhard,Fall,16,Germany,Germany
1991/1,1991/03,"Political Science Seminar In Washington, D.C.",Steven Schier,Winter,21,USA,USA
1991/1,1991/03,Spanish Seminar In Morelia,Diane Pearsall,Winter,11,Mexico,Mexico
1992/03,1992/06,Advanced French Seminar In Paris,Dana Strand & Steve Strand,Spring,18,France,France
1991/08,1991/11,Biology And Geology Seminar In Australia,Gary Wagenbach & Shelby Boardman,Fall,45,Australia,Australia
1991/06,1991/08,Economics Seminar In Cambridge,George Lamson,Summer,22,UK,UK
1992/1,1992/03,English Seminar In London,Vern Bailey,Winter,26,UK,UK
1992/03,1992/06,French Language In Pau I,Scott Carpenter,Spring,22,France,France
1991/08,1991/11,German Seminar In Munich,Julie Klassen,Fall,18,Germany,Germany
1991/06,1991/08,International Relations Seminar In Geneva,Hartley Clark & Gary Wynia,Summer,40,Switzerland,Switzerland
1992/03,1992/06,Political Economy Seminar In Beijing,Roy Grow,Spring,37,China,China
1992/1,1992/03,Spanish Seminar In Morelia,Humberto Huergo,Winter,18,Mexico,Mexico
1992/08,1992/11,Art History In Greece,Dale Haworth,Fall,18,Greece,Greece
1992/06,1992/08,Economics Seminar In Cambridge,Martha Paas,Summer,21,UK,UK
1992/06,1992/08,English Seminar In Dublin,James McDonnell,Summer,22,Ireland,Ireland
1992/08,1992/11,English Seminar In London,George Soule,Fall,19,UK,UK
1993/03,1993/06,French Language In Pau I,Éva Pósfay,Spring,20,France,France
1993/03,1993/06,French Seminar In Paris,Geneviève Soulas-Link,Spring,16,France,France
1992/08,1992/11,German Seminar In Nuremberg,Roger Paas,Fall,17,Germany,Germany
1993/1,1993/03,"Political Science Seminar In Washington, D.C.",Steven Schier,Winter,20,USA,USA
1993/1,1993/03,Spanish Seminar In Morelia,Humberto Huergo,Winter,17,Mexico,Mexico
1992/11,1993/12,Tropical Field Ecology In Costa Rica,Mark McKone,Winter Break,NDA,Costa Rica,Costa Rica
1993/06,1993/08,Economics Seminar In Cambridge,Mike Hemesath,Summer,23,UK,UK
1994/1,1994/03,English & Psychology Seminar In London,Constance Walker & Neil Lutsky,Winter,33,UK,UK
1994/03,1994/06,French Language In Pau I,Éva Pósfay,Spring,18,France,France
1994/03,1994/06,French Seminar In Paris,Chérif Keïta,Spring,23,France,France
1993/08,1993/11,Geology Seminar In Italy,David Bice,Fall,23,Italy,Italy
1993/08,1993/11,"German Seminar In Graz, Austria",Anne Uimer,Fall,17,Austria,Austria
1994/1,1994/03,Marine Biology Seminar In Australia & New Zealand,Gary Wagenbach,Winter,25,Australia,"Australia, New Zealand"
1993/06,1993/08,Political Science Seminar In Maastricht,Gary Wynia,Summer,22,The Netherlands,The Netherlands
1994/1,1994/03,Spanish Seminar In Morelia,Diane Pearsall,Winter,21,Mexico,Mexico
1995/1,1995/03,American Studies Seminar In California,Mike Kowalewski,Winter,24,USA,USA
1994/06,1994/08,Economics Seminar In Cambridge,Mark Kanazawa,Summer,21,UK,UK
1994/08,1994/11,English Seminar In London,Ruth Weiner,Fall,18,UK,UK
1995/03,1995/06,French Language In Pau I,Marie-Christine Massé,Spring,17,France,France
1995/03,1995/06,French Seminar In Paris,Carl Weiner,Spring,22,France,France
1994/08,1994/11,German In Seminar In Bonn,Sigrun Leonhard,Fall,12,Germany,Germany
1995/03,1995/06,Political Economy Seminar In Beijing,Roy Grow,Spring,33,China,China
1995/1,1995/03,"Political Science Seminar In Washington, D.C.",Steven Schier,Winter,20,USA,USA
1995/03,1995/06,Russian Seminar In Moscow,Diane Nemec Ignashev,Spring,23,Russia,Russia
1995/1,1995/03,Spanish Seminar In Morelia,Becky Boling,Winter,20,Mexico,Mexico
1994/11,1995/12,Tropical Field Ecology In Costa Rica,Mark McKone,Winter Break,NDA,Costa Rica,Costa Rica
1996/1,1996/03,Art And Biology Seminar In Australia & New Zealand,Fred Hagstrom & Gary Wagenbach,Winter,49,Australia,"Australia, New Zealand"
1995/06,1995/08,Economics Seminar In Cambridge,H. Scott Bierman,Summer,21,UK,UK
1996/03,1996/06,English Seminar In London,Tim Raylor,Spring,23,UK,UK
1996/03,1996/06,French Language In Pau I,Debra Latimer-Smith,Spring,17,France,France
1996/03,1996/06,French Seminar In Paris,Scott Carpenter,Spring,25,France,France
1995/08,1995/11,Geology Seminar In Italy,David Bice,Fall,24,Italy,Italy
1995/08,1995/11,German Seminar In Munich,Julie Klassen,Fall,16,Germany,Germany
1996/03,1996/06,Political Science Seminar In Maastricht,Norman Vig,Spring,17,The Netherlands,The Netherlands
1996/1,1996/03,Spanish Seminar In Morelia,Humberto Huergo,Winter,15,Mexico,Mexico
1996/08,1996/11,Art History In Amsterdam,Alison Kettering,Fall,19,The Netherlands,The Netherlands
1996/06,1996/08,Economics Seminar In Cambridge,Martha Paas,Summer,22,UK,UK
1996/06,1996/08,English Seminar In Ireland,James McDonnell,Summer,25,Ireland,Ireland
1997/03,1997/06,English Seminar In London,Tim Raylor,Spring,23,UK,UK
1997/03,1997/06,French Language In Pau I,Chérif Keïta,Spring,17,France,France
1997/1,1997/03,French Seminar In Paris,Marie-Christine Massé,Winter,19,France,France
1996/08,1996/11,German Seminar In Nuremberg,Roger Paas,Fall,15,Germany,Germany
1997/03,1997/06,Political Economy Seminar In Beijing,Roy Grow,Spring,34,China,China
1997/03,1997/06,Russian Seminar In Moscow,Anna Dotlibova,Spring,13,Russia,Russia
1997/1,1997/03,Spanish Seminar In Morelia,Diane Pearsall,Winter,19,Mexico,Mexico
1996/11,1997/12,Tropical Field Ecology In Costa Rica,Mark McKone,Winter Break,NDA,Costa Rica,Costa Rica
1998/1,1998/03,American Studies Seminar In California,Mike Kowalewski,Winter,25,USA,USA
1997/06,1997/08,Economics Seminar In Cambridge,George Lamson,Summer,21,UK,UK
1998/03,1998/06,English Seminar In London,Frank Morral,Spring,21,UK,UK
1998/03,1998/06,French Language In Pau I,Éva Pósfay,Spring,15,France,France
1998/03,1998/06,French Seminar In Paris,Cathy Yandell,Spring,23,France,France
1997/08,1997/11,Geology Seminar In Italy,David Bice,Fall,25,Italy,Italy
1997/08,1997/11,"German Seminar In Graz, Austria",Anne Ulmer,Fall,17,Austria,Austria
1998/1,1998/03,Marine Biology Seminar In Australia & New Zealand,Gary  Wagenbach,Winter,25,Australia,"Australia, New Zealand"
1997/08,1997/11,"Political Science Seminar In Washington, D.C.",Steven Schier,Fall,20,USA,USA
1998/1,1998/03,Spanish Seminar In Morelia,Humberto Huergo,Winter,13,Mexico,Mexico
1998/06,1998/08,Economics Seminar In Cambridge,Mark Kanazawa,Summer,24,UK,UK
1998/08,1998/11,English Seminar In London,Susan Jaret McKinstry,Fall,24,UK,UK
1999/03,1999/06,French Language In Pau I,Christine Lac,Spring,23,France,France
1999/03,1999/06,French Seminar In Paris,Scott Carpenter,Spring,22,France,France
1998/08,1998/11,German Seminar In Berlin,Sigrun Leonhard,Fall,25,Germany,Germany
1999/03,1999/06,Political Science Seminar In Maastricht,Norman Vig,Spring,20,The Netherlands,The Netherlands
1999/03,1999/06,Russian Seminar In Moscow,Diane Nemec-Ignashev,Spring,23,Russia,Russia
1999/1,1999/03,Spanish Seminar In Morelia,Diane Pearsall,Winter,18,Mexico,Mexico
1999/1,1999/03,Studio Art Seminar In Australia/new Zealan,Fred Hagstrom,Winter,25,"Australia, New Zealand","Australia, New Zealand"
1998/11,1999/12,Tropical Field Ecology In Costa Rica,Mark McKone,Winter Break,NDA,Costa Rica,Costa Rica
1999/11,2000/12,Art History In Amsterdam,Alison Kettering,Winter Break,12,The Netherlands,The Netherlands
1999/06,1999/08,Economics Seminar In Cambridge,Michael Hemesath,Summer,24,UK,UK
2000/03,2000/06,English & Psychology Seminar In London,Constance Walker & Neil Lutsky,Spring,31,UK,UK
1999/08,1999/11,English Seminar In Ireland,Robert Tisdale,Fall,20,Ireland,Ireland
2000/1,2000/03,Francophone Studies Seminar In Mali,Chérif Keïta,Winter,19,Mali,Mali
2000/03,2000/06,French Seminar In Paris,Éva Pósfay,Spring,20,France,France
1999/08,1999/11,Geology Seminar In Italy,David Bice,Fall,24,Italy,Italy
1999/08,1999/11,German Seminar In Munich,Julie Klassen,Fall,13,Germany,Germany
2000/1,2000/03,Marine Biology Seminar In Australia & New Zealand,Gary Wagenbach,Winter,24,Australia,"Australia, New Zealand"
2000/03,2000/06,Political Economy Seminar In Beijing,Roy Grow,Spring,35,China,China
2000/1,2000/03,Spanish Seminar In Morelia,Silvia L. López,Winter,17,Mexico,Mexico
2001/1,2001/03,American Studies Seminar In California,Mike Kowalewski,Winter,23,USA,USA
2000/06,2000/08,Economics Seminar In Cambridge,Martha Paas,Summer,21,UK,UK
2000/08,2000/11,English Literature And Theater In London,Chiara Briganti,Fall,21,UK,UK
2001/03,2001/06,French Seminar In Paris,Dana Strand,Spring,17,France,France
2000/11,2001/12,Geology In The Bahamas,Clint Cowan,Winter Break,12,Bahamas,Bahamas
2000/08,2000/11,German Seminar In Nuremberg,Roger Paas,Fall,13,Germany,Germany
2001/1,2001/03,"Political Science Seminar In Washington, D.C.",Steven Schier,Winter,20,USA,USA
2000/11,2001/12,Posc In China/mexico,Roy Grow & Al Montero,Winter Break,20,"China/Mexico (10 in China, 10 in Mexico)","China/Mexico (10 in China, 10 in Mexico)"
2001/03,2001/06,Russian Seminar In Moscow,Diane Nemec-Ignashev,Spring,13,Russia,Russia
2001/1,2001/03,Spanish Seminar In Morelia,Diane Pearsall,Winter,11,Mexico,Mexico
2001/1,2001/03,Studio Art Seminar In Nz & Australia,Fred Hagstrom,Winter,26,"Australia, New Zealand","Australia, New Zealand"
2000/11,2001/12,Tropical Field Ecology In Costa Rica,Mark McKone,Winter Break,14,Costa Rica,Costa Rica
2001/11,2002/12,Art History In Amsterdam,Alison Kettering,Winter Break,11,The Netherlands,The Netherlands
2001/06,2001/08,Economics Seminar In Cambridge,H. Scott Bierman,Summer,22,UK,UK
2002/03,2002/06,English Literature And Theater In London,Gregory Blake Smith,Spring,15,UK,UK
2001/06,2001/08,English Seminar In Ireland,Frank Morral,Summer,21,Ireland,Ireland
2002/1,2002/03,Francophone Studies Seminar In Mali,Chérif Keïta,Winter,18,Mali,Mali
2002/03,2002/06,French Seminar In Paris,Scott Carpenter,Spring,18,France,France
2001/08,2001/11,Geology Seminar In Italy,Dave Bice,Fall,22,Italy,Italy
2001/08,2001/11,"German Seminar In Graz, Austria",Anne Ulmer,Fall,9,Austria,Austria
2001/11,2002/12,"History, Memory, And The Black Atlantic",Harry Williams,Winter Break,10,Ghana,Ghana
2002/1,2002/03,Marine Biology Seminar In Australia & New Zealand,Gary Wagenbach,Winter,25,Australia,"Australia, New Zealand"
2002/03,2002/06,Political Science Seminar In Maastricht,Al Montero,Spring,23,The Netherlands,The Netherlands
2002/1,2002/03,Spanish Seminar In Morelia,Becky Boling,Winter,19,Mexico,Mexico
2002/08,2002/11,Chinese Seminar In Tianjin,Qiguang Zhao,Fall,25,China,China
2002/11,2003/12,Community Development And Cultural Empowerment In Guatemala,Bev Nagel,Winter Break,16,Guatemala,Guatemala
2002/06,2002/08,Economics Seminar In Cambridge,George Lamson,Summer,24,UK,UK
2003/1,2003/03,English Literature And Theater In London,Ruth Weiner,Winter,22,UK,UK
2002/11,2003/12,Field Investigations In Modern Carbonate Environments In The Bahamas,Clint Cowan,Winter Break,12,Bahamas,Bahamas
2003/03,2003/06,French Studies In Paris,Éva Pósfay,Spring,14,France,France
2002/08,2002/11,German Seminar In Berlin,Sigrun Leonhard,Fall,11,Germany,Germany
2003/03,2003/06,Political Economy Seminar In Beijing,Roy Grow,Spring,35,China,China
2003/03,2003/06,Russian Seminar In Moscow,Diane Nemec Ignashev,Spring,12,Russia,Russia
2002/08,2002/11,Spanish Seminar In Madrid,Humberto Huergo,Fall,18,Spain,Spain
2003/1,2003/03,Spanish Seminar In Morelia,José Cerna Bazan,Winter,19,Mexico,Mexico
2003/1,2003/03,Studio Art Seminar In Nz & Australia,Fred Hagstrom,Winter,26,New Zealand,"Australia, Cook Islands, New Zealand"
2002/11,2003/12,Tropical Field Ecology In Costa Rica,Mark McKone,Winter Break,14,Costa Rica,Costa Rica
2003/11,2004/12,Animal Biology In The Galapagos,Matt Rand,Winter Break,15,Ecuador,Ecuador
2003/06,2003/08,Economics Seminar In Cambridge,Michael Hemesath,Summer,24,UK,UK
2004/03,2004/06,English Literature And Theater In London,Susan Jaret McKinstry,Spring,22,UK,UK
2004/1,2004/03,Francophone Studies Seminar In Mali,Chérif Keïta,Winter,20,Mali,Mali
2004/03,2004/06,French Studies In Paris,Cathy Yandell,Spring,20,France,France
2003/08,2003/11,Geology Seminar In Italy,Dave Bice,Fall,25,Italy,Italy
2003/08,2003/11,German Seminar In Berlin,Sigrun Leonhard,Fall,15,Germany,Germany
2003/11,2004/12,"History, Memory, And The Atlantic World",Harry Williams,Winter Break,11,Ghana,Ghana
2003/06,2003/08,Irish Literature And Culture In Ireland,Jim McDonnell,Summer,23,Ireland,Ireland
2004/1,2004/03,Marine Biology Seminar In Australia & New Zealand,Gary Wagenbach,Winter,26,Australia,"Australia, New Zealand"
2004/03,2004/06,"Political Science Seminar In Washington, D.C.",Steven Schier,Spring,19,USA,USA
2003/08,2003/11,Spanish Seminar In Madrid,Humberto Huergo,Fall,19,Spain,Spain
2004/1,2004/03,Spanish Seminar In Puebla,José Cerna Bazan,Winter,20,Mexico,Mexico
2004/06,2004/08,American Studies Seminar In California,Mike Kowalewski,Summer,14,USA,USA
2004/11,2005/12,Art History In Amsterdam,Alison Kettering,Winter Break,13,The Netherlands,The Netherlands
2004/08,2004/11,Chinese Studies In Tianjin,Qiguang Zhao,Fall,25,China,China
2004/06,2004/08,Economics Seminar In Cambridge,Nathan Grawe,Summer,24,UK,UK
2005/1,2005/03,English & Psychology Seminar In London,Constance Walker & Neil Lutsky,Winter,34,UK,UK
2005/03,2005/06,French Studies In Paris,Scott Carpenter,Spring,24,France,France
2004/08,2004/11,German Seminar In Munich & Wittenberg,Julie Klassen,Fall,11,Germany,Germany
2005/03,2005/06,Political Science Seminar In Maastricht,Al Montero,Spring,26,The Netherlands,The Netherlands
2005/03,2005/06,Russian Seminar In Moscow,Diane Nemec Ignashev,Spring,12,Russia,Russia
2004/08,2004/11,Spanish Seminar In Madrid,Humberto Huergo,Fall,17,Spain,Spain
2005/1,2005/03,Spanish Seminar In Morelia,Diane Pearsall,Winter,18,Mexico,Mexico
2005/1,2005/03,Studio Art Seminar In Nz & Australia,Fred Hagstrom,Winter,26,New Zealand,"Australia, Cook Islands, New Zealand"
2004/11,2005/12,Tropical Field Ecology In Costa Rica,Mark McKone,Winter Break,14,Costa Rica,Costa Rica
2006/1,2006/03,Coastal Biogeoscience Seminar In Australia,Phil Camill & Clint Cowan,Winter,32,Australia,Australia
2005/11,2006/12,Dream And Reality In Turn-of-the-century Vienna,Anne Ulmer,Winter Break,13,Austria,Austria
2005/06,2005/08,Economics Seminar In Cambridge,Mike Hemesath,Summer,24,UK,UK
2006/03,2006/06,English Literature And Theater In London,Nancy Cho,Spring,18,UK,UK
2006/1,2006/03,Francophone Studies Seminar In Mali,Chérif Keïta,Winter,22,Mali,Mali
2006/03,2006/06,French Studies In Paris,Éva Pósfay,Spring,17,France,France
2005/08,2005/11,Geology Seminar In Italy,Cameron Davidson,Fall,16,Italy,Italy
2005/06,2005/08,Irish Literature And Culture In Ireland,Greg Hewett,Summer,25,Ireland,Ireland
2005/11,2006/12,Photography In Hawaii,Linda Rossi,Winter Break,10,USA,USA
2006/03,2006/06,Political Economy Seminar In Beijing,Roy Grow,Spring,35,China,China
2006/1,2006/03,Social & Cultural Field Research In Guatemala,Jay Levi,Winter,10,Guatemala,Guatemala
2005/08,2005/11,Spanish Seminar In Madrid,Humberto Huergo,Fall,16,Spain,Spain
2006/1,2006/03,Spanish Seminar In Puebla,Silvia L. López,Winter,11,Mexico,Mexico
2006/11,2007/12,Art History In Amsterdam,Alison Kettering,Winter Break,13,The Netherlands,The Netherlands
2006/08,2006/11,Chinese Studies In Tianjin,Qiguang Zhao,Fall,26,China,China
2006/11,2007/12,Dance In Jamaica,Mary Easter,Winter Break,9,Jamaica,Jamaica
2006/06,2006/08,Economics Seminar In Cambridge,Tammy Feldman,Summer,25,UK,UK
2007/03,2007/06,English Literature And Theater In London,Elizabeth McKinsey,Spring,20,UK,UK
2007/03,2007/06,French Studies In Paris,Dana Strand,Spring,18,France,France
2006/11,2007/12,Jazz History In Nyc,Steve Kelly,Winter Break,8,USA,USA
2006/08,2006/11,New Media In Nyc & Europe,John Schott,Fall,22,USA,"Germany, Netherlands, United Kingdom, USA"
2007/1,2007/03,"Political Science Seminar In Washington, D.C.",Steven Schier,Winter,20,USA,USA
2007/03,2007/06,Russian Seminar In Moscow,Diane Nemec Ignashev,Spring,10,Russia,Russia
2006/08,2006/11,Spanish Seminar In Madrid,Humberto Huergo,Fall,19,Spain,Spain
2007/1,2007/03,Spanish Seminar In Morelia,Diane Pearsall,Winter,11,Mexico,Mexico
2007/1,2007/03,Studio Art Seminar In Nz & Australia,Fred Hagstrom,Winter,26,New Zealand,"Australia, Cook Islands, New Zealand"
2006/11,2007/12,Tropical Field Ecology In Costa Rica,Mark McKone,Winter Break,15,Costa Rica,Costa Rica
2007/06,2007/08,Economics Seminar In Cambridge,Mike Hemesath,Summer,26,UK,UK
2008/1,2008/03,El Mundo Maya: Anthropology In Guatemala And Chiapas - A Field Research Seminar,Jay Levi,Winter,12,Guatemala,"Guatemala, Mexico"
2008/03,2008/06,English Literature And Theater In London,Gregory Blake Smith,Spring,23,UK,UK
2008/1,2008/03,Francophone Studies Seminar In Mali,Chérif Keïta,Winter,25,Mali,Mali
2008/03,2008/06,French Studies In Paris,Cathy Yandell,Spring,22,France,France
2007/08,2007/11,Geology Seminar In Italy,Cameron Davidson,Fall,17,Italy,Italy
2007/08,2007/11,German Seminar In Berlin,Sigrun Leonhard,Fall,15,Germany,Germany
2007/06,2007/08,Irish Literature And Culture In Ireland,Constance Walker,Summer,20,Ireland,Ireland
2007/11,2008/12,Latin American Field Research In Brazil,Al Montero & Silvia L. López,Winter Break,11,Brazil,Brazil
2008/1,2008/03,Marine Ecology In Australia,Phil Camill,Winter,26,Australia,Australia
2008/1,2008/03,Middle East Mosaics,"Rob Oden, Dana Strand, & Steve Strand",Winter,32,"Egypt, Morocco, Turkey","Egypt, Morocco, Turkey"
2007/11,2008/12,Photography In Hawaii,Linda Rossi,Winter Break,10,USA,USA
2008/03,2008/06,Political Science Seminar In Maastricht,Al Montero,Spring,19,The Netherlands,The Netherlands
2007/08,2007/11,Spanish Seminar In Madrid,Humberto Huergo,Fall,19,Spain,Spain
2008/03,2008/06,Spanish Seminar In Puebla,José Cerna Bazan,Spring,6,Mexico,Mexico
2008/11,2009/12,Biodiversity & Conservation In Tanzania,Tsegaye Nega,Winter Break,15,Tanzania,Tanzania
2008/08,2008/11,Chinese Studies In Tianjin,Qiguang Zhao,Fall,26,China,China
2008/11,2009/12,Dream And Reality In Turn-of-the-century Vienna,Anne Ulmer,Winter Break,8,Austria,Austria
2008/06,2008/08,Economics Seminar In Cambridge,Pavel Kapinos,Summer,23,UK,UK
2009/1,2009/03,English Literature And Theater In London,Greg Hewett,Winter,24,UK,UK
2008/11,2009/12,Environmental Justice In New Orleans,Kim Smith,Winter Break,15,USA,USA
2009/03,2009/06,French Studies In Paris,Scott Carpenter,Spring,21,France,France
2008/11,2009/12,Jazz History In Nyc,Steve Kelly,Winter Break,9,USA,USA
2009/03,2009/06,New Media: Theory And Practice In Europe,John Schott,Spring,24,USA,USA
2009/03,2009/06,Political Economy Seminar In Beijing,Roy Grow,Spring,36,China,China
2009/03,2009/06,Russian Language & Literature In Moscow,Diane Nemec Ignashev,Spring,14,Russia,Russia
2008/08,2008/11,Spanish Seminar In Madrid,Palmar Alvarez-Blanco,Fall,16,Spain,Spain
2009/1,2009/03,Spanish Seminar In Mexico,José Cerna Bazan,Winter,11,Mexico,Mexico
2009/1,2009/03,Studio Art In The South Pacific,Fred Hagstrom,Winter,27,New Zealand,"Australia, Cook Islands, New Zealand"
2008/11,2009/12,Tropical Field Ecology In Costa Rica,Mark McKone,Winter Break,15,Costa Rica,Costa Rica
2009/11,2010/12,Agricultural Sustainability In China And The U.S.,David Hougen-Eitzman,Winter Break,12,China,China
2009/11,2010/12,Animal Biology In The Galapagos,Matt Rand,Winter Break,14,Ecuador,Ecuador
2010/1,2010/03,Coastal Marine Ecology In Australia,Annie Bosacker,Winter,25,Australia,Australia
2009/06,2009/08,Economics Seminar In Cambridge,Radek Szulga,Summer,25,UK,UK
2010/1,2010/03,El Mundo Maya: Anthropology In Guatemala And Chiapas - A Field Research Seminar,Jay Levi,Winter,12,Guatemala,"Guatemala, Mexico"
2010/03,2010/06,English Literature And Theater In London,George Shuffelton,Spring,22,UK,UK
2009/11,2010/12,Faith & Fiction: National Identity In Israel,Stacy Beckwith & Louis Newman,Winter Break,16,Israel,Israel
2010/1,2010/03,Francophone Studies Seminar In Mali,Chérif Keïta,Winter,21,Mali,Mali
2010/03,2010/06,French Studies In Paris,Scott Carpenter,Spring,21,France,France
2010/1,2010/03,Geology In New Zealand,Clint Cowan,Winter,21,New Zealand,New Zealand
2009/08,2009/11,German Seminar In Berlin,Kai Herklotz,Fall,20,Germany,Germany
2009/06,2009/08,Irish Literature And Culture In Ireland,Susan Jaret McKinstry,Summer,18,Ireland,Ireland
2010/1,2010/03,"Political Science Seminar In Washington, D.C.",Steven Schier,Winter,20,USA,USA
2010/03,2010/06,Russian Language & Literature In Moscow,Diane Nemec Ignashev,Spring,6,Russia,Russia
2009/08,2009/11,Spanish Seminar In Madrid,Humberto Huergo,Fall,18,Spain,Spain
2010/1,2010/03,Spanish Seminar In Mexico,José Cerna Bazan,Winter,12,Mexico,Mexico
2010/11,2011/12,Art And Architecture In England,Baird Jarman,Winter Break,9,UK,UK
2010/08,2010/11,Chinese Studies In Tianjin,Qiguang Zhao,Fall,24,China,China
2011/1,2011/03,Comparing Welfare States In Australia,Peter Brandon,Winter,16,Australia,Australia
2011/1,2011/03,Conservation And Development In Tanzania And Kenya,Tsegaye Nega,Winter,21,Tanzania,"Kenya, Tanzania"
2010/08,2010/11,Cross-cultural Psychology In Prague,Ken Abrams,Fall,22,Czech Republic,Czech Republic
2010/06,2010/08,Economics Seminar In Cambridge,Lauren Feiler,Summer,25,UK,UK
2011/1,2011/03,English Literature And Theater In London,Constance Walker,Winter,21,UK,UK
2011/03,2011/06,European Political Economy In Madrid & Maastricht,Al Montero,Spring,26,Spain,"Spain, The Netherlands"
2011/03,2011/06,French Studies In Paris,Éva Pósfay,Spring,16,France,France
2010/11,2011/12,"History, Memory, And The Atlantic World",Harry Williams,Winter Break,12,Ghana,Ghana
2011/03,2011/06,New Media: Theory And Practice In Europe,John Schott,Spring,21,Spain,"Denmark, Germany, Spain"
2010/08,2010/11,Spanish Seminar In Madrid,Humberto Huergo,Fall,17,Spain,Spain
2011/1,2011/03,Studio Art In The South Pacific,Fred Hagstrom,Winter,25,New Zealand,"Australia, Cook Islands, New Zealand"
2010/11,2011/12,Tropical Field Ecology In Costa Rica,Mark McKone,Winter Break,11,Costa Rica,Costa Rica
2011/11,2012/12,Agricultural Sustainability In The Us & China,David Hougen-Eitzman,Winter Break,12,China,China
2012/1,2012/03,Ecology In Australia,Annie Bosacker,Winter,26,Australia,Australia
2011/06,2011/08,Economics Seminar In Cambridge,Aaron Swoboda,Summer,23,UK,UK
2012/1,2012/03,El Mundo Maya: Anthropology In Guatemala And Chiapas - A Field Research Seminar,Jay Levi,Winter,12,Guatemala,"Guatemala, Mexico"
2012/03,2012/06,English Literature And Theater In London,Peter Balaam,Spring,15,UK,UK
2011/11,2012/12,Faith & Fiction: National Identity In Israel,Stacy Beckwith & Louis Newman,Winter Break,15,Israel,Israel
2012/1,2012/03,Francophone Studies Seminar In Mali,Chérif Keïta,Winter,20,Mali,Mali
2012/03,2012/06,French Studies In Paris,Cathy Yandell,Spring,22,France,France
2012/1,2012/03,Geology In New Zealand,Mary Savina & Sarah Titus,Winter,21,New Zealand,New Zealand
2011/08,2011/11,German Seminar In Berlin,Kai Herklotz,Fall,12,Germany,Germany
2011/06,2011/08,Irish Literature And Culture In Ireland,Mike Kowalewski,Summer,18,Ireland,Ireland
2012/03,2012/06,"Japanese Linguistics And Culture In Kyoto, Japan",Mike Flynn,Spring,18,Japan,Japan
2011/11,2012/12,Latin American Field Research In Brazil,Al Montero & Silvia L. López,Winter Break,11,Brazil,Brazil
2012/1,2012/03,"Political Science Seminar In Washington, D.C.",Barbara Allen & Greg Marfleet,Winter,22,USA,USA
2012/03,2012/06,Russian Language & Literature In Moscow,Diane Nemec-Ignashev,Spring,11,Russia,Russia
2012/03,2012/06,"Society, Culture, And Language In Peru",José Cerna Bazan,Spring,22,Peru,Peru
2011/08,2011/11,Spanish Seminar In Madrid,Jorge Brioso,Fall,16,Spain,Spain
2012/11,2013/12,Biogeoscience In Belize: Tropical Marine And Marginal Marine Ecosystems,Clint Cowan ,Winter Break,13,Belize,Belize
2012/08,2012/11,Chinese Studies In China,Qiguang Zhao,Fall,25,China,China
2013/1,2013/03,Conservation And Development In Tanzania And Kenya,Tsegaye Nega,Winter,15,Tanzania,"Kenya, Tanzania"
2012/08,2012/11,Cross-cultural Psychology In Prague,Ken Abrams,Fall,18,Czech Republic,Czech Republic
2012/11,2013/12,Dream And Reality In Turn-of-the-century Vienna,Anne Ulmer,Winter Break,6,Austria,Austria
2013/1,2013/03,Ecology In Australia,Annie Bosacker,Winter,25,Australia,Australia
2012/06,2012/08,Economics Seminar In Cambridge,Mike Hemesath & Steve Strand,Summer,25,UK,UK
2013/03,2013/06,French Studies In Paris,Scott Carpenter,Spring,16,France,France
2013/03,2013/06,"History, Religion, And Urban Change In Medieval And Renaissance Rome",Victoria Morse & Bill North,Spring,25,Italy,Italy
2012/11,2013/12,Microeconomic Development In Bangladesh,Faress Bhuiyan,Winter Break,16,Bangladesh,Bangladesh
2013/03,2013/06,New Media: Theory And Practice In Europe,John Schott,Spring,22,Spain,"The Netherlands, Spain, Turkey"
2013/03,2013/06,"Society, Culture, And Language In Peru",José Cerna Bazan,Spring,20,Peru,Peru
2012/08,2012/11,Spanish Seminar In Madrid,Humberto Huergo,Fall,17,Spain,Spain
2013/1,2013/03,Studio Art In The South Pacific,Fred Hagstrom,Winter,26,New Zealand,"Australia, Cook Islands, New Zealand"
2012/11,2013/12,Voice And Visibility In Afro – Arab Women’s History In Dubai Uae,Thabiti Willis,Winter Break,16,United Arab Emirates,United Arab Emirates
2013/11,2014/12,Agricultural Sustainability In The Us & China,David Hougen-Eitzman,Winter Break,12,China,China
2014/1,2014/03,Biology In Australia & New Zealand,"Mark McKone, Matt Rand, Dan Hernandez",Winter,25,"Australia, New Zealand","Australia, New Zealand"
2013/06,2013/08,Economics Seminar In Cambridge,Mark Kanazawa,Summer,23,UK,UK
2014/1,2014/03,El Mundo Maya: Anthropology In Guatemala And Chiapas - A Field Research Seminar,Jay Levi,Winter,11,Guatemala,"Guatemala, Mexico"
2014/1,2014/03,English Literature And Theater In London,Pierre Hecker,Winter,21,UK,UK
2014/03,2014/06,French Studies In Paris,Dana Strand,Spring,19,France,France
2014/1,2014/03,Geology In New Zealand,Clint Cowan & Sarah Titus,Winter,24,New Zealand,New Zealand
2013/08,2013/11,German Seminar In Berlin,Sigrun Leonhard,Fall,15,Germany,Germany
2014/03,2014/06,Identity And Belonging In The New Europe (posc),Dev Gupta,Spring,24,"Scotland, UK; Hungary","Scotland, UK; Hungary"
2013/06,2013/08,Irish Literature And Culture In Ireland,Greg Hewett,Summer,18,Ireland,Ireland
2014/03,2014/06,"Japanese Linguistics And Culture In Kyoto, Japan",Mike Flynn,Spring,13,Japan,Japan
2014/03,2014/06,Moscow & Beyond: Russian Language And Cultural Studies,Diane Nemec-Ignashev,Spring,10,Russia,Russia
2013/08,2013/11,Spanish Seminar In Madrid,Humberto Huergo,Fall,20,Spain,Spain
2014/1,2014/03,Sport And Globalization In London And Seville,Bob Carlson,Winter,21,UK,"UK, Spain"
2014/03,2014/06,Wilderness Studies In The Grand Canyon,George Vrtis,Spring Break,14,USA,USA
2014/11,2015/12,Cams Cinema And Culture Change In Chile And Argentina,Jay Beck & Cecilia Cornejo,Winter Break,15,"Argentina, Chile","Argentina, Chile"
2014/08,2014/11,Chinese Studies In China,Qiguang Zhao,Fall,16,China,China
2014/08,2014/11,Cross-cultural Psychology In Prague,Ken Abrams,Fall,21,Czech Republic,Czech Republic
2015/1,2015/03,Ecology In Australia,Annie Bosacker,Winter,26,Australia,Australia
2014/06,2014/08,Economics Seminar In Cambridge,Nathan Grawe,Summer,24,UK,UK
2015/1,2015/03,English Literature And Theater In London,Susan Jaret McKinstry,Winter,17,UK,UK
2015/03,2015/06,French Studies In Paris,Cathy Yandell,Spring,25,France,France
2015/03,2015/06,"History, Religion, And Urban Change In Medieval And Renaissance Rome",Victoria Morse & Bill North,Spring,25,Italy,Italy
2014/11,2015/12,Microeconomic Development In Bangladesh,Faress Bhuiyan,Winter Break,14,Bangladesh,Bangladesh
2015/03,2015/06,New Media In Japan,John Schott,Spring,20,Japan,Japan
2015/1,2015/03,Political Economy And Ecology Of Southeast Asia,Tun Myint,Winter,20,Myanmar,"Myanmar, Thailand"
2014/11,2015/12,"Public Health In Practice In The Twin Cities And Washington, D.C.",Debby Walser-Kuntz,Winter Break,14,USA,USA
2015/03,2015/06,"Society, Culture, And Language In Peru",José Cerna Bazan,Spring,14,Peru,Peru
2014/08,2014/11,Spanish Seminar In Madrid,Humberto Huergo,Fall,18,Spain,Spain
2015/1,2015/03,Studio Art In The South Pacific,Fred Hagstrom,Winter,24,New Zealand,"Australia, Cook Islands, New Zealand"
2014/11,2015/12,U.S. Relations With Ghana: The Field Trip And Beyond (Moved from Ghana to Amsterdam),Harry Williams,Winter Break,14,The Netherlands,The Netherlands
2015/11,2016/12,Agricultural Sustainability In China And The U.S.,David Hougen-Eitzman,Winter Break,12,China,China
2016/1,2016/03,Biology In Australia & New Zealand,"Mark McKone, Nancy Braker, & Gary Wagenbach",Winter,24,"Australia, New Zealand","Australia, New Zealand"
2016/1,2016/03,Conservation And Development In Ethiopia And Tanzania,Tsegaye Nega,Winter,14,"Ethiopia, Tanzania","Ethiopia, Tanzania"
2015/06,2015/08,Economics Seminar In Cambridge,Lauren Feiler,Summer,24,UK,UK
2016/1,2016/03,El Mundo Maya: Anthropology In Guatemala And Chiapas - A Field Research Seminar,Jay Levi,Winter,8,Guatemala,"Guatemala, Mexico"
2016/03,2016/06,English Literature And Theater In London,Nancy Cho,Spring,20,UK,UK
2016/03,2016/06,French Studies In Paris,Scott Carpenter,Spring,17,France,France
2016/1,2016/03,Geology In New Zealand,Clint Cowan & Cam Davidson,Winter,24,New Zealand,New Zealand
2015/08,2015/11,German And European Studies In Berlin,David Tompkins & Lydia Tang,Fall,33,Germany,Germany
2015/06,2015/08,Irish Literature And Culture In Ireland,Greg Hewett,Summer,16,Ireland,Ireland
2016/03,2016/06,"Japanese Linguistics And Culture In Kyoto, Japan",Mike Flynn,Spring,17,Japan,Japan
2016/03,2016/06,Moscow & Beyond: Russian Language And Cultural Studies,Diane Nemec-Ignashev,Spring,7,Russia,Russia
2016/03,2016/06,"Political Science Seminar In Washington, D.C.",Barbara Allen & Greg Marfleet,Spring,16,USA,USA
2015/08,2015/11,Spanish Seminar In Madrid,Humberto Huergo,Fall,15,Spain,Spain
2016/1,2016/03,Sport And Globalization In London And Seville,Bob Carlson,Winter,25,UK,"UK, Spain"
2015/11,2016/12,Studio Art: The New York Program,Dan Bruggeman,Winter Break,14,USA,USA
2016/03,2016/06,Wilderness Studies At The Grand Canyon,George Vrtis,Spring Break,12,USA,USA
2016/11,2017/12,Cams Cinema And Culture Change In Chile And Argentina,Jay Beck & Cecilia Cornejo,Winter Break,14,"Argentina, Chile","Argentina, Chile"
2016/08,2016/11,Cross-cultural Psychology In Prague,Ken Abrams,Fall,22,Czech Republic,Czech Republic
2017/1,2017/03,Digital Photography And New Media In Europe And Northern Africa,John Schott,Winter,21,Morocco,"Germany, Portugal, Morocco"
2017/1,2017/03,Ecology In Australia,Annie Bosacker,Winter,26,Australia,Australia
2016/06,2016/08,Economics Seminar In Cambridge,Martha Paas,Summer,20,UK,UK
2017/03,2017/06,English Literature And Theater In London,Arnab Chakladar,Spring,14,UK,UK
2017/03,2017/06,French Studies In Paris,Éva Pósfay,Spring,25,France,France
2017/03,2017/06,"Gardens, Landscape, And The Built Environment In Japan",Katie Ryor,Spring,15,Japan,Japan
2016/11,2017/12,Geology And Natural History In Tasmania,Mary Savina & Nancy Braker,Winter Break,8,Australia,Australia
2017/03,2017/06,"History, Religion, And Urban Change In Medieval And Renaissance Rome",Victoria Morse & Bill North,Spring,24,Italy,Italy
2017/1,2017/03,India: Globalization And Local Responses,Meera Sehgal & Brendan LaRocque,Winter,16,India,India
2016/11,2017/12,"Public Health In Practice In The Twin Cities And Washington, D.C.",Debby Walser-Kuntz,Winter Break,14,USA,USA
2017/03,2017/06,"Society, Culture, And Language In Peru",José Cerna Bazan,Spring,20,Peru,Peru
2016/08,2016/11,Spanish Studies In Madrid,Humberto Huergo,Fall,10,Spain,Spain
2017/1,2017/03,Studio Art In The South Pacific,Fred Hagstrom,Winter,25,New Zealand,"Australia, Cook Islands, New Zealand"
2016/11,2017/12,Sustainable Energy Principles & Practice In India,Arjendu Pattanayak,Winter Break,16,India,India
2017/1,2017/03,Visions Of California: Searching For The Golden State,Mike Kowalewski,Winter,18,USA,USA
2018/03,2018/06,(beyond) Nationalism And Xenophobia In Central And Eastern Europe,Mihaela Czobor-Lupp,Spring,20,Romania,Romania
2017/11,2018/12,Agricultural Sustainability In China And The U.S.,David Hougen-Eitzman,Winter Break,12,China,China
2018/1,2018/03,Architectural Studies In Europe,Baird Jarman,Winter,23,Spain,"UK, France, Italy, Spain"
2017/06,2017/08,Art Now:  Global Contemporary Art And The Mega Exhibitions,Ross Elfline,Summer,15,Italy,"Germany, Italy"
2018/03,2018/06,English Literature And Theater In London,Elizabeth McKinsey,Spring,19,UK,UK
2018/03,2018/06,French And Francophone Studies In Paris,Cathy Yandell,Spring,20,France,France
2018/1,2018/03,Geology In New Zealand,Clint Cowan & Sarah Titus,Winter,24,New Zealand,New Zealand
2017/08,2017/11,"Gep Buddhist Studies In Bodh Gaya, India",Arthur McKeown,Fall Semester,3,India,India
2017/08,2017/11,Gep Globalization And Sustainable Development In Cameroon,Nicholas Hockin,Fall Semester,5,Cameroon,Cameroon
2017/08,2017/11,Gep Women's And Gender Studies In Europe,Iveta Jusova,Fall Semester,8,Poland,"Germany, Czech Republic, Netherlands, Poland"
2017/08,2017/11,German And European Studies In Berlin,Sigrun Leonhard & David Tompkins,Fall,17,Germany,Germany
2017/06,2017/08,"Irish Literature, Art, Performance And Culture In Ireland",Pierre Hecker,Summer,15,Ireland,Ireland
2018/03,2018/06,"Japanese Linguistics And Culture In Kyoto, Japan",Mike Flynn,Spring,18,Japan,Japan
2018/03,2018/06,Language And Culture In Global Russia,Diane Nemec Ignashev,Spring,12,Russia,Russia
2017/11,2018/12,Microeconomic Development In Bangladesh,Faress Bhuiyan,Winter Break,15,Bangladesh,Bangladesh
2017/08,2017/11,Spanish Studies In Madrid,Humberto Huergo,Fall,17,Spain,Spain
2018/1,2018/03,Sport And Globalization In London And Seville,Bob Carlson,Winter,22,UK,"UK, Spain"
2017/11,2018/12,Studio Art: The New York Program,Dan Bruggeman,Winter Break,12,USA,USA
2018/03,2018/06,Wilderness Studies At The Grand Canyon,George Vrtis,Spring Break,11,USA,USA
2019/1,2019/03,Cinema And Media Studies In Europe,Laska Jimsen,Winter,22,Portugal,"Denmark, Germany, The Netherlands, Portugal"
2018/11,2019/12,"Conservation, Geology, And Natural History In Tasmania",Mary Savina & Nancy Braker,Winter Break,10,Australia,Australia
2018/08,2018/11,Cross-cultural Psychology In Prague,Ken Abrams,Fall,22,Czech Republic,Czech Republic
2018/06,2018/08,Economics And European Studies In Cambridge,Paul Petzschmann,Summer,21,UK,UK
2019/03,2019/06,English Literature And Theater In London,Greg Hewett,Spring,15,UK,UK
2019/03,2019/06,French And Francophone Studies In Paris,Éva Pósfay,Spring,20,France,France
2018/08,2018/11,"Gep Buddhist Studies In Bodh Gaya, India",Arthur McKeown,Fall Semester,4,India,India
2018/08,2018/11,Gep Women's And Gender Studies In Europe,Iveta Jusova,Fall Semester,3,Poland,"Germany, Czech Republic, Netherlands, Poland"
2019/03,2019/06,"History, Religion, And Urban Change In Medieval And Renaissance Rome",Victoria Morse & Bill North,Spring,26,Italy,Italy
2019/1,2019/03,India: Globalization And Local Responses,Meera Sehgal & Brendan LaRocque,Winter,16,India,India
2019/03,2019/06,Language And Culture In Global Russia,Diane Nemec Ignashev,Spring,6,Russia,Russia
2019/03,2019/06,Pilgrimage And Sacred Space In Japan,Asuka Sango,Spring,18,Japan,Japan
2018/11,2019/12,"Public Health In Practice In The Twin Cities And Washington, D.C.",Debby Walser-Kuntz,Winter Break,14,USA,USA
2018/11,2019/12,"Society, History, And Popular Culture In Senegal",Chérif Keïta,Winter Break,13,Senegal,Senegal
2018/08,2018/11,Spanish Studies In Madrid,Humberto Huergo,Fall,14,Spain,Spain
2019/1,2019/03,Studio Art In The South Pacific,Fred Hagstrom,Winter,26,New Zealand,"Australia, Cook Islands, New Zealand"
2018/11,2019/12,Sustainable Energy Principles & Practice In India,Arjendu Pattanayak,Winter Break,12,India,India
2019/1,2019/03,Visions Of California: Searching For The Golden State,Mike Kowalewski,Winter,16,USA,USA
2020/1,2020/03,Architectural Studies In Europe,Baird Jarman,Winter,20,Spain,"UK, France, Italy, Spain"
2019/06,2019/08,Economics And European Studies In Cambridge,Paul Petzschmann,Summer,16,UK,"UK, Belgium, France"
2020/1,2020/03,English Literature And Theater In London,Constance Walker,Winter,11,UK,UK
2020/1,2020/03,Geology In New Zealand,Clint Cowan & Cam Davidson,Winter,24,New Zealand,New Zealand
2019/08,2019/11,"Gep Buddhist Studies In Bodh Gaya, India",Arthur McKeown,Fall Semester,0,India,India
2019/08,2019/11,Gep Women's And Gender Studies In Europe,Iveta Jusova,Fall Semester,3,Poland,"Germany, Czech Republic, Netherlands, Poland"
2019/08,2019/11,German Studies In Berlin,Seth Elliott Meyer,Fall,15,Germany,Germany
2019/06,2019/08,History Of Computing In England,David Liben-Nowelll,Summer,20,UK,UK
2019/06,2019/08,Irish Studies In Ireland,Constance Walker,Summer,12,Ireland,Ireland
2019/11,2020/12,Microeconomic Development In Bangladesh,Faress Bhuiyan,Winter Break,14,Bangladesh,Bangladesh
2020/1,2020/03,Political Economy And Ecology Of Southeast Asia,Tun Myint,Winter,17,Myanmar,"Myanmar, Thailand"
2019/08,2019/11,Spanish Studies In Madrid,Humberto Huergo,Fall,13,Spain,Spain
2020/1,2020/03,Sport And Globalization In London And Seville,Bob Carlson,Winter,23,UK,"UK, Spain"
2020/11,2021/12,Climate Change And Human Health In Ethiopia: From Science To Practice,Deborah Gross & Tsegaye Nega,Winter Break,13,USA,USA
2020/11,2021/12,"Public Health In Practice In The Twin Cities And Washington, D.C.",Debby Walser-Kuntz,Winter Break,11,USA,USA
2022/1,2022/03,Architectural Studies In Europe,Baird Jarman,Winter,27,Spain,"UK, Italy, Spain"
2021/08,2021/11,Cross-cultural Psychology In Prague,Ken Abrams,Fall,15,Czech Republic,Czech Republic
2022/03,2022/06,French And Francophone Studies In Paris,Scott Carpenter,Spring,25,France,France
2021/08,2021/11,"Gep Buddhist Studies In Bodh Gaya, India",Arthur McKeown,Fall Semester,4,India,"India, Thailand"
2021/08,2021/11,Gep Women's And Gender Studies In Europe (Moved to Sweden due to COVID),Iveta Jusova,Fall Semester,5,Sweden,Sweden
2022/03,2022/06,"History, Culture, And Commerce: Africa And Arabia",Thabiti Willis,Spring,20,"Bahrain, Oman, United Arab Emirates","Bahrain, Oman, United Arab Emirates"
2022/03,2022/06,"Living London: Literature, Theater, Art, And The City",Pierre Hecker,Spring,15,UK,UK
2021/11,2022/12,"Making Public History In Boston And Washington, D.C.",Serena Zabin,Winter Break,12,USA,USA
2021/11,2022/12,"Society, History, And Popular Culture In Senegal",Chérif Keïta,Winter Break,9,Senegal,Senegal
2021/08,2021/11,Spanish Studies In Madrid,Palmar Alvarez-Blanco,Fall,16,Spain,Spain
2022/1,2022/03,Sport And Globalization In London And Seville,Bob Carlson,Winter,25,UK,"UK, Spain"
2022/03,2022/06,Wilderness Studies At The Grand Canyon,George Vrtis,Spring Break,12,USA,USA
2023/03,2023/06,(beyond) Nationalism And Xenophobia In Central And Eastern Europe,Mihaela Czobor-Lupp,Spring,13 projected,Romania,Romania
2022/11,2023/12,Climate Change And Human Health In Ethiopia: From Science To Practice,Deborah Gross & Tsegaye Nega,Winter Break,12,Ethiopia,Ethiopia
2022/08,2022/11,Cross-cultural Psychology In Prague,Ken Abrams,Fall,20,Czech Republic,Czech Republic
2022/06,2022/08,Economics Seminar In Cambridge,Michael Hemesath,Summer,17,UK,"UK, Belgium"
2022/11,2023/12,"Food, Forests, And Resliance:  Systems Of Socio-ecological Sustainability In Oaxaca, Mexico",Constanza Ocampo-Raeder & Dan Hernández,Winter Break,18,Mexico,Mexico
2023/03,2023/06,French And Francophone Studies In Paris,Scott Carpenter,Spring,18 projected,France,France
2023/1,2023/03,Geology In New Zealand,Cam Davidson & Sarah Titus,Winter,24,New Zealand,New Zealand
2022/08,2022/11,"Gep Buddhist Studies In Bodh Gaya, India",Arthur McKeown,Fall Semester,6,India,India
2022/08,2022/11,Gep Women's And Gender Studies In Europe,Iveta Jusova,Fall Semester,7,Poland,"Germany, Czech Republic, Netherlands, Poland"
2022/08,2022/11,German Studies In Berlin,Kiley Kost,Fall,17,Germany,Germany
2022/06,2022/08,History Of Computing In England,David Liben-Nowelll,Summer,24,UK,UK
2023/03,2023/06,"History, Religion, And Urban Change In Medieval And Renaissance Rome",Victoria Morse & Bill North,Spring,27 projected,Italy,Italy
2023/1,2023/03,India: Globalization And Local Responses,Meera Sehgal & Brendan LaRocque,Winter,13,India,India
2023/03,2023/06,"Linguistics And Culture In Kyoto, Japan",Mike Flynn,Spring,19 projected,Japan,Japan
2023/1,2023/03,"Living London: City, Scene, Anthropocene",Peter Balaam,Winter,26,UK,UK
2023/03,2023/06,Russian At A Cultural Crossroad,Diane Nemec Ignshev & Victoria Thorstensson,Spring,12 projected,Qazaqstan,Qazaqstan
2022/08,2022/11,Spanish Studies In Madrid,Humberto Huergo,Fall,20,Spain,Spain
2023/1,2023/03,Studio Art In The South Pacific,Eleanor Jensen,Winter,26,New Zealand,"Australia, Cook Islands, New Zealand"
2023/1,2023/03,Visions Of California: Searching For The Golden State,Mike Kowalewski,Winter,13,USA,USA
